,0,1,2
0,文库仿真,wénkùfǎngzhēn,simulation
1,数值,shùzhí,numerical
2,飞机,fēijī,aircraft
3,卫星,wèixīng,satellite
4,发动机,fādòngjī,engine
5,飞行,fēixíng,flight
6,流动,líudòng,flow
7,可靠性,kěkàoxìng,reliability
8,火箭,huǒjiàn,rocket
9,流场,líucháng,flow
10,空间,kōngjiān,space
11,姿态,zītài,attitude
12,非线性,fēixiànxìng,nonlinear
13,推进剂,tūijìnjì,propellant
14,固体,gùtǐ,solid
15,直升机,zhíshēngjī,helicopter
16,导航,dǎoháng,navigation
17,火箭发动机,huǒjiànfādòngjī,rocket
18,换热,huànrè,heat
19,复合材料,fùhécáiliào,composite
20,气动,qìdòng,aerodynamic
21,燃烧,ránshāo,combustion
22,传热,chuánrè,heat
23,疲劳,píláo,fatigue
24,航天器,hángtiānqì,spacecraft
25,风洞,fēngdòng,tunnel
26,喷管,pēnguǎn,nozzle
27,叶片,yèpiàn,blade
28,地面,dìmiàn,ground
29,涡轮,wōlún,turbine
30,航空,hángkōng,aviation
31,湍流,tuānlíu,turbulent
32,机场,jīcháng,airport
33,神经网络,shénjīngwǎngluò,neural
34,推力,tūilì,thrust
35,固体火箭,gùtǐhuǒjiàn,rocket
36,非定常,fēidìngcháng,unsteady
37,建模,jiànmó,modeling
38,旋翼,xuányì,rotor
39,机载,jīzài,airborne
40,压气机,yāqìjī,compressor
41,机翼,jīyì,wing
42,组合,zǔhé,integrated
43,激波,jībō,shock
44,导航系统,dǎohángxìtǒng,navigation
45,航空发动机,hángkōngfādòngjī,aeroengine
46,飞行器,fēixíngqì,vehicle
47,航天,hángtiān,space
48,轨道,gǔidào,orbit
49,雷达,léidá,radar
50,边界层,biānjiècéng,boundary
51,组合导航,zǔhédǎoháng,navigation
52,陀螺,tuóluó,gyro
53,民航,mínháng,civil
54,跟踪,gēnzōng,tracking
55,转子,zhuǎnzǐ,rotor
56,飞行员,fēixíngyuán,pilots
57,雷诺,léinuò,reynolds
58,格式,géshì,scheme
59,液体火箭,yètǐhuǒjiàn,rocket
60,冷却,lěngquè,cooling
61,天线,tiānxiàn,antenna
62,数值计算,shùzhíjìsuàn,numerical
63,进气道,jìnqìdào,inlet
64,失重,shīzhòng,weightlessness
65,翼型,yìxíng,airfoil
66,惯性,guànxìng,inertial
67,对流,dùilíu,convection
68,叶栅,yèzhà,cascade
69,粘性,niánxìng,viscous
70,绕流,ràolíu,flow
71,颤振,zhànzhèn,flutter
72,制导,zhìdǎo,guidance
73,雷诺数,léinuòshù,reynolds
74,高超声速,gāochāoshēngsù,hypersonic
75,卡尔曼,qiǎěrmàn,kalman
76,边界条件,biānjiètiáojiàn,boundary
77,燃速,ránsù,rate
78,鲁棒,lǔbàng,robust
79,燃烧室,ránshāoshì,combustor
80,自主,zìzhǔ,autonomous
81,推进,tūijìn,propulsion
82,跨音速,kuàyīnsù,transonic
83,模拟器,mónǐqì,simulator
84,疲劳寿命,píláoshòumìng,fatigue
85,空中,kōngzhōng,air
86,射流,shèlíu,jet
87,气动力,qìdònglì,aerodynamic
88,沸腾,fèiténg,boiling
89,运载火箭,yùnzàihuǒjiàn,launch
90,压强,yāqiáng,pressure
91,超声速,chāoshēngsù,supersonic
92,仿真研究,fǎngzhēnyánjīu,simulation
93,热流,rèlíu,heat
94,超音速,chāoyīnsù,supersonic
95,失速,shīsù,stall
96,着陆,zháolù,landing
97,导弹,dǎodàn,missile
98,载人,zàirén,manned
99,刚度,gāngdù,stiffness
100,点火,diǎnhuǒ,ignition
101,固体推进剂,gùtǐtūijìnjì,propellant
102,加速度,jiāsùdù,acceleration
103,旋转,xuánzhuǎn,rotating
104,模态,mótài,modal
105,火焰,huǒyàn,flame
106,航空公司,hángkōnggōngsī,airlines
107,阻尼,zǔní,damping
108,接触,jiēhóng,contact
109,迎角,yíngjiǎo,attack
110,马赫数,mǎhèshù,mach
111,阻力,zǔlì,drag
112,对准,dùizhǔn,alignment
113,惯导,guàndǎo,navigation
114,气流,qìlíu,flow
115,卡尔曼滤波,qiǎěrmànlv̀bō,kalman
116,壁面,bìmiàn,wall
117,卫星姿态,wèixīngzītài,attitude
118,发射,fāshè,launch
119,数值分析,shùzhífēnxī,numerical
120,跨声速,kuàshēngsù,transonic
121,挠性,náoxìng,flexible
122,再入,zàirù,reentry
123,无人机,wúrénjī,unmanned
124,冲击,chōngjí,impact
125,气动特性,qìdòngtèxìng,aerodynamic
126,交会,jiāohùi,rendezvous
127,可靠性分析,kěkàoxìngfēnxī,reliability
128,攻角,gōngjiǎo,attack
129,涡扇,wōshàn,turbofan
130,空中交通,kōngzhōngjiāotōng,air
131,太阳,tàiyáng,solar
132,漂移,piāoyí,drift
133,敏感器,mǐngǎnqì,sensor
134,燃油,rányóu,fuel
135,升力,shēnglì,lift
136,尾迹,wěijī,wake
137,相机,xiāngjī,camera
138,轨迹,gǔijī,trajectory
139,飞控,fēikòng,flight
140,畸变,jībiàn,distortion
141,飞机结构,fēijījiégōu,aircraft
142,涡扇发动机,wōshànfādòngjī,turbofan
143,飞行试验,fēixíngshìyàn,flight
144,某型,mǒuxíng,certain
145,导热,dǎorè,heat
146,战斗机,zhàndǒujī,fighter
147,推进系统,tūijìnxìtǒng,propulsion
148,民用,mínyòng,civil
149,星座,xīngzuò,constellation
150,爆震,bàozhèn,detonation
151,力矩,lìjǔ,moment
152,微重力,wēizhònglì,microgravity
153,陀螺仪,tuóluóyí,gyroscope
154,起落架,qǐluòjià,gear
155,鲁棒性,lǔbàngxìng,robustness
156,高度,gāodù,altitude
157,高空,gāokōng,altitude
158,涡轮叶片,wōlúnyèpiàn,blade
159,型飞机,xíngfēijī,aircraft
160,烧蚀,shāoshí,ablation
161,星敏感器,xīngmǐngǎnqì,star
162,对接,dùijiē,docking
163,喷流,pēnlíu,jet
164,试飞,shìfēi,flight
165,隐式,yǐnshì,implicit
166,机动,jīdòng,maneuver
167,压力分布,yālìfēnbù,pressure
168,撞击,zhuàngjí,impact
169,效能,xiàonéng,effectiveness
170,航空电子,hángkōngdiànzǐ,avionics
171,摄动,shèdòng,perturbation
172,微型,wēixíng,micro
173,圆柱,yuánzhù,cylinder
174,数值仿真,shùzhífǎngzhēn,simulation
175,月球,yuèqíu,lunar
176,层流,cénglíu,laminareuler
177,方程,fāngchéng,euler
178,桨叶,jiǎngyè,blade
179,可靠度,kěkàodù,reliability
180,出口,chūkǒu,exit
181,定常,dìngcháng,steady
182,标定,biāodìng,calibration
183,数字仿真,shùzìfǎngzhēn,simulation
184,小卫星,xiǎowèixīng,satellite
185,光纤陀螺,guāngxiāntuóluó,fog
186,非结构,fēijiégōu,unstructured
187,相流,xiānglíu,flow
188,回路,húilù,loop
189,系统可靠性,xìtǒngkěkàoxìng,reliability
190,轴对称,zhóudùichēng,axisymmetric
191,编队,biāndùi,formation
192,燃烧性,ránshāoxìng,combustion
193,燃烧性能,ránshāoxìngnéng,combustion
194,蜂窝,fēngwō,honeycomb
195,直升机旋翼,zhíshēngjīxuányì,helicopter
196,解耦,jiěǒu,decoupling
197,旋涡,xuánwō,vortex
198,隐身,yǐnshēn,stealth
199,某型飞机,mǒuxíngfēijī,aircraft
200,无人,wúrén,unmanned
201,进口,jìnkǒu,inlet
202,仿真分析,fǎngzhēnfēnxī,simulation
203,冲压发动机,chōngyāfādòngjī,ramjet
204,风扇,fēngshàn,fan
205,转捩,zhuǎnliè,transition
206,军用,jūnyòng,military
207,自然对流,zìrándùilíu,convection
208,捷联,jiélián,sins
209,编队飞行,biāndùifēixíng,formation
210,品质,pǐnzhí,qualities
211,煤油,méiyóu,kerosene
212,药柱,yàozhù,grain
213,天平,tiānpíng,balance
214,星载,xīngzài,satellite
215,管内,guǎnnèi,tube
216,弯曲,wānqū,bending
217,紊流,wènlíu,turbulent
218,热管,règuǎn,heat
219,仿真技术,fǎngzhēnjìzhú,simulation
220,空间环境,kōngjiānhuánjìng,space
221,羽流,yǔlíu,plume
222,疲劳试验,píláoshìyàn,fatigue
223,刹车,chàchē,braking
224,歼击机,jiānjíjī,fighterpid
225,控制,kòngzhì,pid
226,姿态确定,zītàiquèdìng,attitude
227,分格式,fēngéshì,scheme
228,初始对准,chūshǐdùizhǔn,alignment
229,气动弹性,qìdòngdànxìng,aeroelastic
230,耐力,nàilì,tolerance
231,可压缩,kěyāsuō,compressible
232,接收机,jiēshōujī,receiver
233,轴流压气机,zhóulíuyāqìjī,compressor
234,碎片,sùipiàn,debris
235,航空运输,hángkōngyùnshū,air
236,比冲,bǐchōng,impulse
237,载人航天,zàirénhángtiān,manned
238,闭环,bìhuán,loop
239,导数,dǎoshù,derivatives
240,离心,líxīn,centrifugal
241,内流,nèilíu,flow
242,气象卫星,qìxiàngwèixīng,satellite
243,差分格式,chàfēngéshì,scheme
244,凝结,níngjié,condensation
245,燃烧过程,ránshāoguòchéng,combustion
246,机身,jīshēn,fuselage
247,卫星通信,wèixīngtōngxìn,satellite
248,航班,hángbān,flight
249,作战,zuòzhàn,combat
250,四元数,sìyuánshù,quaternion
251,超燃冲压发动机,chāoránchōngyāfādòngjī,scramjet
252,发动机推力,fādòngjītūilì,thrust
253,多学科,duōxuékē,multidisciplinary
254,弹道,dàndào,trajectory
255,跑道,pǎodào,runway
256,飞行模拟器,fēixíngmónǐqì,flight
257,可靠性设计,kěkàoxìngshèjì,reliability
258,非线性系统,fēixiànxìngxìtǒng,nonlinear
259,换热器,huànrèqì,heat
260,中文英文涡喷,zhōngwényīngwénwōpēn,turbojet
261,流动特性,líudòngtèxìng,flow
262,控制方程,kòngzhìfāngchéng,equations
263,晃动,huǎngdòng,sloshing
264,推力器,tūilìqì,thruster
265,阻尼器,zǔníqì,damper
266,系统仿真,xìtǒngfǎngzhēn,simulation
267,热控,rèkòng,thermal
268,仿真试验,fǎngzhēnshìyàn,simulation
269,振荡,zhèndàng,oscillation
270,飞船,fēichuán,spacecraft
271,仿真验证,fǎngzhēnyànzhèng,simulation
272,细长,xìcháng,slender
273,环形,huánxíng,annular
274,沸腾换热,fèiténghuànrè,boiling
275,飞行仿真,fēixíngfǎngzhēn,simulation
276,残余应力,cányúyìnglì,residual
277,国际机场,guójìjīcháng,airport
278,校准,xiàozhǔn,calibration
279,亚音速,yàyīnsù,subsonic
280,气动性能,qìdòngxìngnéng,aerodynamic
281,航迹,hángjī,flight
282,螺旋桨,luóxuánjiǎng,propeller
283,驾驶员,jiàshǐyuán,pilot
284,尾流,wěilíu,wake
285,俯仰,fǔyǎng,pitching
286,不可压,bùkěyā,incompressible
287,弹射,dànshè,ejection
288,仿真软件,fǎngzhēnruǎnjiàn,simulation
289,空间飞行器,kōngjiānfēixíngqì,spacecraft
290,进气,jìnqì,inlet
291,空间碎片,kōngjiānsùipiàn,debris
292,飞行人员,fēixíngrényuán,pilots
293,热传导,rèchuándǎo,heat
294,不可压缩,bùkěyāsuō,incompressible
295,航空电子系统,hángkōngdiànzǐxìtǒng,avionics
296,容限,róngxiàn,tolerance
297,环氧,huányǎng,epoxy
298,捷联惯导,jiéliánguàndǎo,sins
299,无粘,wúnián,inviscid
300,涡喷发动机,wōpēnfādòngjī,turbojet
301,加速度计,jiāsùdùjì,accelerometer
302,内流场,nèilíucháng,flow
303,低压,dīyā,pressure
304,数值解,shùzhíjiě,numerical
305,热源,rèyuán,heat
306,星图,xīngtú,star
307,运载器,yùnzàiqì,vehicle
308,数控,shùkòng,nc
309,扩压器,kuòyāqì,diffuser
310,姿控,zīkòng,attitude
311,翼面,yìmiàn,wing
312,气动设计,qìdòngshèjì,aerodynamic
313,来流,láilíu,flow
314,雾化,wùhuà,atomization
315,线性化,xiànxìnghuà,linearization
316,高超音速,gāochāoyīnsù,hypersonic
317,通过仿真,tōngguòfǎngzhēn,simulation
318,喷嘴,pēnzǔi,injector
319,冷凝,lěngníng,condensation
320,军用飞机,jūnyòngfēijī,military
321,静压,jìngyā,pressure
322,热防护,rèfánghù,thermal
323,直升机飞行,zhíshēngjīfēixíng,helicopter
324,导引,dǎoyǐn,guidance
325,航天飞机,hángtiānfēijī,shuttle
326,洞壁,dòngbì,wall
327,损伤容限,sǔnshāngróngxiàn,tolerance
328,欧拉方程,ōulāfāngchéng,euler
329,定标,dìngbiāo,calibration
330,屈曲,qūqū,buckling
331,碰撞,pèngzhuàng,collision
332,尾旋,wěixuán,spin
333,鲁棒控制,lǔbàngkòngzhì,robust
334,离心机,líxīnjī,centrifuge
335,降落伞,jiàngluòsǎn,parachute
336,空战,kōngzhàn,air
337,空气动力,kōngqìdònglì,aerodynamic
338,转子系统,zhuǎnzǐxìtǒng,rotor
339,飞艇,fēitǐng,airship
340,机匣,jīxiá,casing
341,航向,hángxiàng,heading
342,实时仿真,shíshífǎngzhēn,simulation
343,襟翼,jīnyì,flap
344,载人航天器,zàirénhángtiānqì,manned
345,转台,zhuǎntái,turntable
346,裕度,yùdù,margin
347,航空航天,hángkōnghángtiān,aerospace
348,掺混,xiānhùn,mixing
349,传递函数,chuándìhánshù,transfer
350,振动特性,zhèndòngtèxìng,vibration
351,合成孔径雷达,héchéngkǒngjìngléidá,sar
352,航天器姿态,hángtiānqìzītài,attitude
353,外形,wàixíng,configuration
354,交通流量,jiāotōnglíuliàng,traffic
355,涡流,wōlíu,vortex
356,非平衡,fēipínghéng,nonequilibrium
357,机动飞行,jīdòngfēixíng,flight
358,刚性,gāngxìng,rigid
359,太空,tàikōng,space
360,飞行状态,fēixíngzhuàngtài,flight
361,展开,zhǎnkāi,deployment
362,减振,jiǎnzhèn,vibration
363,运动学,yùndòngxué,kinematics
364,疲劳裂纹扩展,píláolièwénkuòzhǎn,fatigue
365,凝结换热,níngjiéhuànrè,condensation
366,边界元,biānjièyuán,boundary
367,仿真方法,fǎngzhēnfāngfǎ,simulation
368,星载,xīngzài,sarsar
369,可靠性评估,kěkàoxìngpínggū,reliability
370,湍流流动,tuānlíulíudòng,turbulent
371,粘弹性,niándànxìng,viscoelastic
372,地面试验,dìmiànshìyàn,ground
373,流体力学,líutǐlìxué,fluid
374,飞机飞行,fēijīfēixíng,flight
375,月球车,yuèqíuchē,rover
376,引射,yǐnshè,ejector
377,卫星轨道,wèixīnggǔidào,orbit
378,半实物仿真,bànshíwùfǎngzhēn,simulation
379,交会对接,jiāohùidùijiē,rendezvous
380,效能评估,xiàonéngpínggū,effectiveness
381,粘合剂,niánhéjì,binder
382,突防,tūfáng,penetration
383,橡胶,xiàngxiáo,rubber
384,样条,yángtiáo,spline
385,阻力系数,zǔlìxìshù,drag
386,载人飞船,zàirénfēichuán,manned
387,结构可靠性,jiégōukěkàoxìng,reliability
388,流型,líuxíng,flow
389,爆震波,bàozhènbō,detonation
390,补燃,bǔrán,combustion
391,遥感器,yáogǎnqì,sensor
392,挤压,jǐyā,squeeze
393,冗余,rǒngyú,redundancy
394,装药,zhuāngyào,grain
395,耐久性,nàijǐuxìng,durability
396,悬停,xuántíng,hover
397,叶轮,yèlún,impeller
398,高超声速飞行器,gāochāoshēngsùfēixíngqì,hypersonic
399,比目鱼,bǐmùyú,soleus
400,中文英文姿态测量,zhōngwényīngwénzītàicèliàng,attitude
401,涡轮泵,wōlúnbèng,turbopump
402,座椅,zuòyǐ,seat
403,高可靠性,gāokěkàoxìng,reliability
404,高温合金,gāowēnhéjīn,superalloy
405,飞轮,fēilún,flywheel
406,数值求解,shùzhíqíujiě,numerical
407,起动,qǐdòng,starting
408,前庭,qiántíng,vestibular
409,疲劳损伤,píláosǔnshāng,fatigue
410,遥测,yáocè,telemetry
411,减阻,jiǎnzǔ,drag
412,敏捷,mǐnjié,agility
413,迎风,yíngfēng,upwind
414,非定常流,fēidìngchánglíu,unsteady
415,杂波,zábō,clutter
416,涡轮盘,wōlúnpán,disk
417,辐射计,fúshèjì,radiometer
418,圆管,yuánguǎn,tube
419,散热,sànrè,heat
420,振动试验,zhèndòngshìyàn,vibration
421,绝热层,juérècéng,insulation
422,齿轮,chǐlún,gear
423,感器,gǎnqì,sensor
424,悬吊,xuándiào,suspended
425,夹层,jiācéng,sandwich
426,有效载荷,yǒuxiàozàihé,payload
427,火力,huǒlì,fire
428,相流动,xiānglíudòng,flow
429,比目鱼肌,bǐmùyújī,soleus
430,疲劳性,píláoxìng,fatigue
431,导航定位,dǎohángdìngwèi,navigation
432,液滴,yèdī,droplet
433,作战效能,zuòzhànxiàonéng,effectiveness
434,疲劳性能,píláoxìngnéng,fatigue
435,座舱,zuòcāng,cabin
436,空域,kōngyù,airspace
437,脉动,màidòng,fluctuating
438,蒙皮,méngpí,skin
439,数学仿真,shùxuéfǎngzhēn,simulation
440,解耦控制,jiěǒukòngzhì,decoupling
441,多学科设计优化,duōxuékēshèjìyōuhuà,multidisciplinary
442,多变量,duōbiànliàng,multivariable
443,静止,jìngzhǐ,geostationary
444,构型,gōuxíng,configuration
445,航天员,hángtiānyuán,astronaut
446,传热性,chuánrèxìng,heat
447,推力室,tūilìshì,chamber
448,流动沸腾,líudòngfèiténg,boiling
449,超高速,chāogāosù,hypervelocity
450,包线,bāoxiàn,envelope
451,流态,líutài,flow
452,运动病,yùndòngbìng,sickness
453,挤压油,jǐyāyóu,squeeze
454,敏捷性,mǐnjiéxìng,agility
455,旋翼桨叶,xuányìjiǎngyè,rotor
456,结构疲劳,jiégōupíláo,fatigue
457,惯量,guànliàng,inertia
458,空间交会,kōngjiānjiāohùi,rendezvous
459,隐身技术,yǐnshēnjìzhú,stealth
460,圆柱绕流,yuánzhùràolíu,cylinder
461,热层,rècéng,insulation
462,发动机系统,fādòngjīxìtǒng,engine
463,喘振,chuǎnzhèn,surge
464,含能,hánnéng,energetic
465,沸腾传热,fèiténgchuánrè,boiling
466,热平衡,rèpínghéng,balance
467,姿态角,zītàijiǎo,attitude
468,定位系统,dìngwèixìtǒng,positioning
469,旋流,xuánlíu,swirl
470,动力学建模,dònglìxuéjiànmó,modeling
471,低周疲劳,dīzhōupíláo,fatigue
472,环氧树脂,huányǎngshùzhī,epoxy
473,两相流动,liǎngxiānglíudòng,flow
474,空腔,kōngqiāng,cavity
475,仿真,fǎngzhēn,simulation
476,目标,mùbiāo,target
477,武器,wǔqì,weapon
478,算法,suànfǎ,algorithm
479,引信,yǐnxìn,fuze
480,制导,zhìdǎo,guidance
481,武器系统,wǔqìxìtǒng,weapon
482,炸药,zhàyào,explosive
483,装备,zhuāngbèi,equipment
484,成像,chéngxiàng,imaging
485,效能,xiàonéng,effectiveness
486,弹道,dàndào,trajectory
487,干扰,gānrǎo,jamming
488,鱼雷,yúléi,torpedo
489,军事,jūnshì,military
490,红外,hóngwài,infrared
491,仿真结果,fǎngzhēnjiéguǒ,simulation
492,跟踪,gēnzōng,tracking
493,估计,gūjì,estimation
494,概率,gàilv̀,probability
495,坦克,tǎnkè,tank
496,建模,jiànmó,modeling
497,自适应,zìshìyìng,adaptive
498,潜艇,qiántǐng,submarine
499,导弹,dǎodàn,missiles
500,火炮,huǒpào,gun
501,机载,jīzài,airborne
502,防空,fángkōng,air
503,杂波,zábō,clutter
504,距离,jùlí,range
505,装药,zhuāngyào,charge
506,信号处理,xìnhàochùlǐ,signal
507,飞行,fēixíng,flight
508,多普勒,duōpǔlè,doppler
509,导弹武器,dǎodànwǔqì,missile
510,射击,shèjí,firing
511,导引头,dǎoyǐntóu,seeker
512,天线,tiānxiàn,antenna
513,弹丸,dànwán,projectile
514,合成孔径雷达,héchéngkǒngjìngléidá,sar
515,乳化,rǔhuà,emulsion
516,防空导弹,fángkōngdǎodàn,missile
517,发射,fāshè,launching
518,维修,wéixīu,maintenance
519,作战效能,zuòzhànxiàonéng,effectiveness
520,乳化炸药,rǔhuàzhàyào,emulsion
521,雷达目标,léidámùbiāo,radar
522,火箭,huǒjiàn,rocket
523,战场,zhàncháng,battlefield
524,战争,zhànzhēng,war
525,目标识别,mùbiāoshìbié,target
526,导弹武器系统,dǎodànwǔqìxìtǒng,missile
527,感度,gǎndù,sensitivity
528,点火,diǎnhuǒ,ignition
529,回波,húibō,radar
530,战术,zhànzhú,tactical
531,战斗部,zhàndǒubù,warhead
532,雷达系统,léidáxìtǒng,radar
533,导引,dǎoyǐn,guidance
534,指挥,zhǐhūi,command
535,仿真研究,fǎngzhēnyánjīu,simulation
536,发射药,fāshèyào,propellant
537,武器装备,wǔqìzhuāngbèi,weapon
538,姿态,zītài,attitude
539,侵彻,qīnchè,penetration
540,军用,jūnyòng,military
541,爆轰,bàohōng,detonation
542,雷达信号,léidáxìnhào,radar
543,水下,shǔixià,underwater
544,装甲,zhuāngjiǎ,armored
545,爆炸,bàozhà,explosion
546,效能评估,xiàonéngpínggū,effectivenesssar
547,图像,túxiàng,sar
548,弹药,dànyào,ammunition
549,车辆,chēliàng,vehicle
550,雷管,léiguǎn,detonator
551,弹道导弹,dàndàodǎodàn,missile
552,燃烧,ránshāo,combustion
553,仿真模型,fǎngzhēnmóxíng,simulation
554,无线电,wúxiàndiàn,radio
555,隐身,yǐnshēn,stealth
556,空空导弹,kōngkōngdǎodàn,missile
557,分布式,fēnbùshì,distributed
558,舰船,jiànchuán,ship
559,攻击,gōngjí,attack
560,模拟器,mónǐqì,simulator
561,机动,jīdòng,maneuvering
562,接收机,jiēshōujī,receiver
563,修正,xīuzhèng,correction
564,被动,bèidòng,passive
565,延期,yánqī,delay
566,冲击,chōngjí,shock
567,计算机仿真,jìsuànjīfǎngzhēn,simulation
568,制导律,zhìdǎolv̀,guidance
569,系统效能,xìtǒngxiàonéng,effectiveness
570,起爆,qǐbào,initiation
571,威胁,wēixié,threat
572,射流,shèlíu,jet
573,体系结构,tǐxìjiégōu,architecture
574,火箭弹,huǒjiàndàn,rocket
575,显示,xiǎnshì,display
576,气动,qìdòng,aerodynamic
577,无源,wúyuán,passive
578,撞击,zhuàngjí,impact
579,防御,fángyù,defense
580,冲击波,chōngjíbō,shock
581,地空导弹,dìkōngdǎodàn,missile
582,毁伤,hǔishāng,damage
583,制导系统,zhìdǎoxìtǒng,guidance
584,舰载,jiànzài,shipborne
585,分辨,fēnbiàn,resolution
586,战术导弹,zhànzhúdǎodàn,tactical
587,目标跟踪,mùbiāogēnzōng,tracking
588,仿真技术,fǎngzhēnjìzhú,simulation
589,系统仿真,xìtǒngfǎngzhēn,simulation
590,飞机,fēijī,aircraft
591,口径,kǒujìng,caliber
592,侦察,zhēnchá,reconnaissance
593,烟幕,yānmù,smoke
594,极化,jíhuà,polarization
595,热分解,rèfēnjiě,decomposition
596,数字仿真,shùzìfǎngzhēn,simulation
597,舰炮,jiànpào,gun
598,抗干扰,kànggānrǎo,anti
599,火力,huǒlì,fire
600,某型,mǒuxíng,certain
601,自动驾驶仪,zìdòngjiàshǐyí,autopilot
602,突防,tūfáng,penetration
603,飞航导弹,fēihángdǎodàn,missile
604,方位,fāngwèi,azimuth
605,惯性,guànxìng,inertial
606,信息融合,xìnxīrónghé,fusion
607,火药,huǒyào,propellant
608,毫米波,háomǐbō,millimeter
609,某型导弹,mǒuxíngdǎodàn,missile
610,空中,kōngzhōng,air
611,混凝土,hùnníngtǔ,concrete
612,回波信号,húibōxìnhào,signal
613,运动目标,yùndòngmùbiāo,moving
614,舰艇,jiàntǐng,ship
615,波形,bōxíng,waveform
616,雷达信号处理,léidáxìnhàochùlǐ,radar
617,精确,jīngquè,precision
618,卡尔曼,qiǎěrmàn,kalman
619,星载,xīngzài,spaceborne
620,高炮,gāopào,gun
621,雷达回波,léidáhúibō,radar
622,参数估计,cānshùgūjì,estimation
623,导弹系统,dǎodànxìtǒng,missile
624,估计方法,gūjìfāngfǎ,estimation
625,身管,shēnguǎn,barrel
626,半实物仿真,bànshíwùfǎngzhēn,simulation
627,仿真试验,fǎngzhēnshìyàn,simulation
628,对准,dùizhǔn,alignment
629,炮兵,pàobīng,artillery
630,爆速,bàosù,detonation
631,分配,fēnpèi,assignment
632,仿真方法,fǎngzhēnfāngfǎ,simulation
633,回路,húilù,loop
634,命中,mìngzhōng,hit
635,推力,tūilì,thrust
636,导引律,dǎoyǐnlv̀,guidancesar
637,成像,chéngxiàng,sar
638,红外成像,hóngwàichéngxiàng,infrared
639,海军,hǎijūn,navy
640,气动力,qìdònglì,aerodynamic
641,靶场,bǎcháng,range
642,推进剂,tūijìnjì,propellant
643,箔条,bótiáo,chaff
644,算法研究,suànfǎyánjīu,algorithm
645,炸弹,zhàdàn,bomb
646,撞击感度,zhuàngjígǎndù,sensitivity
647,建模与仿真,jiànmóyǔfǎngzhēn,simulation
648,调制,diàozhì,modulation
649,诱饵,yòuěr,decoy
650,装备维修,zhuāngbèiwéixīu,maintenance
651,射程,shèchéng,range
652,多普勒雷达,duōpǔlèléidá,doppler
653,直升机,zhíshēngjī,helicopter
654,仿真软件,fǎngzhēnruǎnjiàn,simulation
655,数值仿真,shùzhífǎngzhēn,simulation
656,反辐射,fǎnfúshè,anti
657,维修保障,wéixīubǎozhàng,maintenance
658,拦截,lánjié,interception
659,隐身技术,yǐnshēnjìzhú,stealth
660,论证,lùnzhèng,demonstration
661,孔径,kǒngjìng,aperture
662,炮口,pàokǒu,muzzle
663,卡尔曼滤波,qiǎěrmànlv̀bō,kalman
664,发射机,fāshèjī,transmitter
665,维修性,wéixīuxìng,maintainability
666,噪比,zàobǐ,snr
667,脱靶,tuōbǎ,miss
668,处理器,chùlǐqì,processor
669,火箭炮,huǒjiànpào,rocket
670,脉冲多普勒,màichōngduōpǔlè,doppler
671,雷达天线,léidátiānxiàn,antenna
672,融合技术,rónghéjìzhú,fusion
673,仿真实验,fǎngzhēnshíyàn,simulation
674,延期药,yánqīyào,delay
675,星载,xīngzài,sarsar
676,含能,hánnéng,energetic
677,通过仿真,tōngguòfǎngzhēn,simulation
678,阻力,zǔlì,drag
679,高分辨,gāofēnbiàn,resolution
680,分辨力,fēnbiànlì,resolution
681,备件,bèijiàn,spare
682,欺骗,qīpiàn,deception
683,航迹,hángjī,track
684,仿真计算,fǎngzhēnjìsuàn,simulation
685,宽带,kuāndài,wideband
686,电子战,diànzǐzhàn,ew
687,超音速,chāoyīnsù,supersonic
688,鲁棒性,lǔbàngxìng,robustness
689,攻角,gōngjiǎo,attack
690,动目标,dòngmùbiāo,moving
691,火箭发动机,huǒjiànfādòngjī,rocket
692,再入,zàirù,reentry
693,靶板,bǎbǎn,target
694,发射装置,fāshèzhuāngzhì,launcher
695,机枪,jīqiāng,gun
696,雷达导引头,léidádǎoyǐntóu,seeker
697,脉冲雷达,màichōngléidá,radar
698,制导技术,zhìdǎojìzhú,guidance
699,推进,tūijìn,propulsion
700,弹头,dàntóu,warhead
701,波束,bōshù,beam
702,炮弹,pàodàn,projectile
703,后坐,hòuzuò,recoil
704,近炸,jìnzhà,proximity
705,伪装,wěizhuāng,camouflage
706,喷流,pēnlíu,jet
707,探地雷达,tàndìléidá,radar
708,战斗机,zhàndǒujī,fighter
709,导弹总体,dǎodànzǒngtǐ,missile
710,壳体,kétǐ,shell
711,原始,yuánshǐ,raw
712,过载,guòzài,overload
713,陀螺,tuóluó,gyro
714,相干斑,xiānggānbān,speckle
715,成像处理,chéngxiàngchùlǐ,imaging
716,旁瓣,pángbàn,sidelobe
717,装药结构,zhuāngyàojiégōu,charge
718,某导弹,mǒudǎodàn,missile
719,近炸引信,jìnzhàyǐnxìn,proximity
720,飞航,fēiháng,cruise
721,目标运动,mùbiāoyùndòng,target
722,杂波抑制,zábōyìzhì,clutter
723,杀伤,shāshāng,kill
724,层次分析法,céngcìfēnxīfǎ,ahp
725,兵器,bīngqì,weapon
726,药筒,yàotǒng,cartridge
727,国防,guófáng,defense
728,履带,lv̌dài,tracked
729,延时,yánshí,delay
730,雷达技术,léidájìzhú,radar
731,燃烧性,ránshāoxìng,combustion
732,燃烧性能,ránshāoxìngnéng,combustion
733,电雷管,diànléiguǎn,detonator
734,虚警,xūjǐng,false
